555618, 2010,106,7667,11262010,2010,A,O,P,1,FEL,5,P,Y,Y,N, ,N, ,0,0,N, ,Y,N,N,N,N,N,N,N,N,N,N,N,N,N,N,N,N,N,N,N,N,N,N,N,N,N,N,N,N,N,Y,N,N,N,N,Y,N,N,N,Y,N,N,Y,Y,N,N,N,N,N,N,N,106,106,Y,N,V,S,M,B,01101979,31,5,7,140,BK,BK,T, ,L, , ,STREET, , ,CROSS BAY BOULEVARD,PITKIN AVENUE, ,QUEENS, , ,106,D, , ,1027754,184197,CM,1, 46,0101000020E6100000542CC280F67552C0C6035BF208564440
555619, 2010,103,15774,11262010,2010,1,O,H,2,ROBBERY,10,P,Y,N,N, ,N, ,0,0,Y, ,Y,N,N,N,N,N,N,N,N,N,N,N,N,N,N,N,N,N,N,N,Y,Y,N,Y,Y,N,N,Y,N,N,N,N,N,N,N,Y,N,N,N,N,N,Y,Y,Y,N,N,N,N,N,N,N,809,809,Y,N, , ,M,B,01281987,23,5,5,140,BK,BR,T, ,L, , ,NYCHA,106-14,160 STREET,107 AVENUE,SOUTH ROAD, ,QUEENS, , ,103,H,12, ,1040944,193916,CM,1, 85,0101000020E61000004FF2541EEA7252C0C79BBBA170594440
555620, 2010,103,15773,11262010,2010,1,O,H,2,ROBBERY,10,P,Y,N,N, ,N, ,0,0,Y, ,Y,N,N,N,N,N,N,N,N,N,N,N,N,N,N,N,N,N,N,N,Y,Y,Y,Y,Y,N,N,Y,N,N,N,N,N,N,N,Y,N,N,N,N,N,Y,Y,Y,N,N,N,N,N,N,N,809,809,Y,N, , ,M,B,02021993,17,5,7,160,BK,BR,M, ,L, , ,NYCHA,106-14,160 STREET,107 AVENUE,SOUTH ROAD, ,QUEENS, , ,103,H,12, ,1040944,193916,CM,1, 85,0101000020E61000004FF2541EEA7252C0C79BBBA170594440
555621, 2010,25,10674,11262010,2010,1,O,P,2,CPCS,3,V,Y,N,N, ,N, ,0,0,Y, ,N,N,N,N,N,N,N,N,N,N,N,N,N,N,N,N,N,N,N,N,N,Y,N,N,N,N,N,N,N,N,N,N,Y,Y,N,Y,N,Y,N,N,N,N,Y,N,N,N,N,N,N,N,N,25,25,N,N, , ,M,B,03171975,35,5,7,190,BK,BR,M, ,L, , ,STREET, , ,LEXINGTON AVE,E 117TH ST, ,MANHATTAN, , ,25, , , ,1000550,230489,CM,1, 24,0101000020E61000009527516D3B7C52C0066530764F664440
555622, 2010,103,15775,11262010,2010,1,O,H,2,ROBBERY,10,P,Y,N,N, ,N, ,0,0,Y, ,Y,N,N,N,N,N,N,N,N,N,N,N,N,N,N,N,N,N,N,N,Y,Y,Y,Y,Y,N,N,Y,N,N,N,N,N,N,N,Y,N,N,N,N,N,Y,Y,Y,N,N,N,N,N,N,N,809,809,Y,N, , ,M,B,09051997,13,5,5,140,BK,BR,T, ,L, , ,NYCHA,106-14,160 STREET,107 AVENUE,SOUTH ROAD, ,QUEENS, , ,103,H,12, ,1040944,193916,CM,1, 85,0101000020E61000004FF2541EEA7252C0C79BBBA170594440
555623, 2010,14,10989,11262010,2010,1,I,T,10,PETIT LARCENY,4,P,Y,N,N, ,N, ,0,0,N, ,N,N,N,N,N,N,N,N,N,N,N,N,N,N,N,N,N,N,N,N,N,N,N,N,N,N,N,N,Y,N,N,N,N,N,N,N,N,Y,N,N,N,N,Y,Y,N,N,N,N,N,N,N,861,861,N,N,V,S,M,B,09111950,60,5,10,180,GY,BR,M, ,L, , ,BOOTH N507, , ,WEST 34 STREET,AVENUE OF THE AMERI, ,MANHATTAN, , ,14,C,7, ,987636,212439,CM,1, 68,0101000020E610000029D336C7377F52C0DB152186F85F4440
555624, 2010,5,2614,11262010,2010,1,O,P,3,GRAND LARCENY,5,P,Y,N,N, ,N, ,0,0,Y, ,N,N,N,N,N,N,N,N,N,N,N,N,N,N,N,N,N,N,N,N,N,Y,N,N,Y,N,N,N,Y,N,N,Y,N,Y,N,Y,N,Y,N,N,N,N,Y,Y,N,Y,N,N,N,N,N,5,5,N,N, , ,M,B,12311900,35,5,10,170,BK,BR,M, ,L, , ,SIDEWALK,540,BROADWAY,PRINCE STREET,SPRING STREET, ,MANHATTAN, , ,5,E, ,57,984680,202844,CM,1, 45,0101000020E6100000A4214B95E67F52C0C262E891995C4440
555625, 2010,44,11473,11262010,2010,A,O,P,1,CPW,2,V,Y,N,N, ,N, ,0,0,Y, ,Y,N,N,N,N,N,N,N,N,N,N,N,N,N,N,N,N,N,N,N,N,N,N,N,N,N,N,N,N,N,N,N,N,N,N,Y,N,Y,N,N,N,N,N,N,N,N,N,N,N,N,N,44,163,Y,N, , ,M,B,12311900,31,5,11,200,BK,BR,M, ,L, , ,CPW, , ,TELLER AVENUE,EAST 170 STREET, ,BRONX, , ,44,R, , ,1009304,244253,CM,1, 20,0101000020E6100000B61F768E347A52C076C59DB5246B4440
555626, 2010,79,14497,11262010,2010,A,O,P,1,CPM,5,P,Y,N,N, ,N, ,0,0,Y, ,N,N,N,N,N,N,N,N,N,N,N,N,N,N,N,N,N,N,N,Y,N,N,N,N,N,N,N,N,N,N,N,N,Y,N,N,Y,N,Y,N,N,N,N,N,N,N,N,N,N,N,N,N,165,165,N,N, , ,M,B,12311900,47,5,8,180,BK,BR,T, ,L, , ,SIDEWALK,1339,FULTON STREET,VERONA PLACE,NOSTRAND AVENUE, ,BROOKLYN, , ,79,G,4,16,998672,187137,CM,1, 27,0101000020E61000001FA63215AC7C52C035497E7D14574440
555627, 2010,81,10667,11262010,2010,1,O,P,1,ROBBERY,7,P,Y,N,N, ,N, ,0,0,Y, ,Y,N,N,N,N,N,N,N,N,N,Y,N,N,N,N,N,N,N,N,N,Y,N,Y,N,Y,N,N,Y,N,N,N,N,N,N,N,N,Y,N,N,N,Y,N,Y,Y,N,N,N,N,N,N,N,81,81,N,Y, , ,M,B,12311900,28,6,0,185,BK,BR,M, ,L, , ,SIDEWALK, , ,STUYVESANT AVENUE,DE KALB AVENUE, ,BROOKLYN, , ,81,B,2, ,1002515,191891,CM,1, 85,0101000020E6100000A40CF7DCC87B52C0779CDFD5BF584440
555628, 2010,106,7666,11262010,2010,A,O,P,1,FEL,5,P,Y,Y,N, ,N, ,0,0,N, ,Y,N,N,N,N,N,N,N,N,N,N,N,N,N,N,N,N,N,N,N,N,N,N,N,N,N,N,N,N,N,Y,N,N,N,N,Y,N,N,N,Y,N,N,Y,Y,N,N,N,N,N,N,N,106,106,Y,N,V,S,M,P,12311900,25,5,4,150,BK,BK,T, ,L, , ,STREET, , ,PITKIN AVENUE,CROSS BAY BOULEVARD, ,QUEENS, , ,106,D, , ,1027754,184197,CM,1, 46,0101000020E6100000542CC280F67552C0C6035BF208564440
555629, 2010,43,10372,11262010,2010,1,O,P,1,MISD,15,P,Y,N,Y,UUV,N, ,0,0,Y, ,Y,Y,N,N,N,N,N,N,N,N,N,N,N,N,N,N,N,N,N,N,N,N,Y,N,N,N,N,N,N,N,N,N,N,N,N,N,N,N,N,N,N,Y,N,N,N,N,Y,N,N,N,Y,138,138,N,N, , ,M,Q,02181978,32,6,2,200,BK,BR,M, ,L, , ,STREET, , ,POWELL AVENUE,OLMSTEAD AVENUE, ,BRONX, , ,43,G, , ,1024673,241993,CM,1,100,0101000020E6100000BB2AECC8A67652C04958CE94576A4440
555630, 2010,40,16428,11262010,2010,1,I,H,2,CRIM TRES,5,V,Y,N,N, ,N, ,0,0,Y, ,Y,N,N,N,N,N,N,N,N,N,N,N,N,N,N,N,Y,N,N,N,N,N,N,N,Y,N,N,N,N,N,N,N,N,N,N,N,N,N,N,N,N,Y,N,Y,N,N,N,N,N,N,N,807,807,Y,N, , ,M,Q,11141983,27,5,9,150,BR,BR,M, ,L, , ,LOBBY,3050,PARK AVENUE,EAST 157 STREET,EAST 156 STREET, ,BRONX, , ,40,G,1, ,1006451,238923,CM,1, 31,0101000020E6100000D70265C5DD7A52C09CC5099645694440
555631, 2010,105,8708,11262010,2010,A,O,P,1,FEL,5,V,Y,N,N, ,N, ,0,0,Y, ,Y,N,N,N,N,N,N,N,N,N,N,N,N,N,N,N,N,N,N,Y,N,N,N,N,Y,Y,N,Y,N,N,N,Y,N,N,N,N,N,N,N,N,N,Y,Y,Y,N,N,N,N,N,N,N,105,105,N,N, , ,M,Z,11111993,17,5,11,155,BR,BR,M, ,L, , , , , ,HILLSIDE AVENUE,216 STREET, ,QUEENS, , ,105,J,24, ,1053979,204453,CM,1, 85,0101000020E610000017AD6B22E66F52C0F9BB3E47215D4440
555632, 2010,81,10644,11262010,2011,1,O,P,1,CPM,10,P,Y,N,N, ,N, ,0,0,Y, ,N,N,N,N,N,N,N,N,N,N,N,N,N,N,N,N,N,N,N,N,N,N,N,N,N,N,N,Y,N,N,N,N,N,N,N,Y,N,N,N,Y,N,N,Y,Y,N,N,N,N,N,N,N,165,165,N,N, , ,F,B,12311900,42,5,2,130,BK,BK,T, ,L, , ,SIDEWALK,1939,FULTON STREET,HULL STREET,HOWARD AVENUE, ,BROOKLYN, , ,81,J,12, ,1006888,186555,CM,1, 27,0101000020E61000004B9D5ACAC67A52C00D00C694DF564440
555633, 2010,77,10540,11262010,2011,A,O,P,1,GLA,5,O,Y,N,N, ,N, ,0,0,Y, ,N,N,N,N,N,N,N,N,N,N,N,N,N,N,N,N,N,N,N,N,N,N,N,N,N,N,N,N,N,N,N,N,N,N,N,N,N,N,N,N,N,Y,Y,Y,N,N,N,N,N,N,N,165,165,N,N, , ,M,B,12051979,31,6,0,180,BA,BR,M, ,L, , ,STREET, , ,CLASSON AVENUE,STERLING PLACE, ,BROOKLYN, , ,77,C,17, ,995237,184835,CM,1, 46,0101000020E61000008665500D777D52C043B0AF9B45564440
555634, 2010,14,11034,11262010,2013,1,I,T,5,GRAND LARCENY,5,V,Y,N,N, ,N, ,0,0,N, ,Y,N,N,N,N,N,N,N,N,N,Y,N,N,N,N,N,N,N,N,N,N,N,N,N,N,N,N,N,Y,N,N,N,N,Y,N,Y,N,Y,N,N,N,N,N,N,N,N,N,N,N,N,N,861,861,Y,N,V,S,M,B,12311900,42,5,11,215,BK,BR,M, ,L, , ,S/B N PLAT, , ,WEST 34 STREET,AVENUE OF THE AMERI, ,MANHATTAN, , ,14,C,7, ,987636,212439,CM,1, 45,0101000020E610000029D336C7377F52C0DB152186F85F4440
555635, 2010,40,16356,11262010,2013,1,I,H,1,CRIM TRES,5,P,Y,N,N, ,N, ,0,0,Y, ,N,N,N,N,N,N,N,N,N,N,N,N,N,N,N,N,N,N,N,N,N,N,N,N,N,N,N,N,N,N,N,N,N,N,N,N,N,N,N,N,N,Y,Y,N,N,N,N,N,N,N,N,807,807,N,N, , ,M,Q,12311900,24,6,0,180,BR,BR,T, ,L, , ,LOBBY,175,ALEXANDER AVE,EAST 136 STREET,EAST 135 STREET, ,BRONX, , ,40,J,18, ,1004670,233870,CM,1, 31,0101000020E610000046E8D473477B52C0F14FED437F674440
555636, 2010,19,3797,11262010,2013,A,O,P,1,FELONY,2,V,Y,N,N, ,N, ,0,0,Y, ,N,N,N,N,N,N,N,N,N,N,N,N,N,N,N,N,N,N,N,Y,N,N,N,N,N,N,N,N,N,N,N,N,N,N,N,N,N,N,N,N,N,Y,Y,N,N,N,N,N,N,N,N,19,19,N,N, , ,M,Z,04071979,31,6,3,220,ZZ,BK,M, ,L, , ,STREET,523,EAST 83 STREE,EAST END AVENUE,YORK AVENUE, ,MANHATTAN, , ,19,J, , ,998702,221154,CM,1, 85,0101000020E610000012881F1DA97C52C03D0D9EFB07634440
555637, 2010,14,10977,11262010,2015,1,I,T,4,FEL,5,V,Y,Y,N, ,N, ,0,0,N, ,N,N,N,N,N,N,N,N,N,N,N,N,N,N,N,N,N,N,N,N,N,N,N,N,N,N,N,N,N,N,N,N,N,N,N,Y,N,N,N,N,N,N,N,Y,N,N,N,N,N,N,N,872,872,N,N,V,S,F,Q,12311900,18,5,0,110,BK,BR,T, ,L, , ,MEZZ AREA, , ,8 AVENUE,WEST 42 STREET, ,MANHATTAN, , ,14,H,11, ,987078,215157,CM,1, 45,0101000020E6100000E10E58C1587F52C03E61A3FCEC604440
555638, 2010,73,20025,11262010,2015,1,O,H,2,FEL,5,P,Y,N,N, ,Y,OPEN CON,0,0,Y, ,Y,N,N,N,N,N,N,N,N,N,N,N,N,N,N,N,N,N,N,N,N,N,N,N,N,Y,N,N,N,N,N,N,N,N,N,Y,N,Y,N,N,N,N,Y,Y,N,N,N,N,N,N,N,802,802,Y,N, , ,M,B,05201969,41,5,8,160,GY,BR,M, ,L, , ,SIDEWALK, , ,SUTTER AVENUE,STONE AVENUE, ,BROOKLYN, , ,73,I,9, ,1010229,182554,CM,1, 20,0101000020E610000090BC61B1017A52C02EE8746D77554440
555639, 2010,108,6373,11262010,2015,1,O,P,2,CSCS,6,P,Y,Y,Y,PL 220.3,N, ,0,0,N, ,Y,Y,N,N,N,N,N,N,N,N,N,N,N,N,N,N,N,N,N,N,N,Y,N,N,N,N,N,N,N,N,N,N,Y,N,N,Y,N,N,N,N,N,N,N,Y,N,N,N,Y,N,N,N,108,108,Y,N,V,S,M,B,07191980,30,6,0,170,BK,BR,T, ,L, , ,STREET, , ,43 AVENUE,40 STREET, ,QUEENS, , ,108,D, , ,1005332,210908,CM,1, 28,0101000020E6100000E1D9E473217B52C0B3B312066E5F4440
555640, 2010,7,2881,11262010,2015,1,I,H,1,CPW,10,P,Y,N,N, ,N, ,0,0,Y, ,Y,N,N,N,N,N,N,N,N,N,Y,N,N,N,N,N,N,N,N,N,Y,N,N,N,N,N,N,Y,N,N,N,N,N,N,N,Y,N,N,N,N,N,N,N,Y,N,N,N,N,N,N,N,804,804,Y,N, , ,M,B,09171994,16,6,0,150,BK,BR,T, ,L, , ,WALKWAY,65,JEFFERSON STR,CHERRY STREET,DEAD END, ,MANHATTAN, , ,7,A,1, ,987472,198610,CM,1, 20,0101000020E610000046EC9895417F52C034A86DBE1C5B4440
555641, 2010,7,2880,11262010,2015,1,I,H,1,CPW,10,V,Y,N,N, ,N, ,0,0,Y, ,Y,N,N,N,N,N,N,N,N,N,Y,N,N,N,N,N,N,N,N,N,Y,N,N,N,N,N,N,Y,N,N,N,N,N,N,N,Y,N,N,N,N,N,N,N,Y,N,N,N,N,N,N,N,804,804,Y,N, , ,M,B,11061993,17,5,10,160,BK,BR,T, ,L, , ,WALKWAY,65,JEFFERSON STR,CHERRY STREET,DEAD END, ,MANHATTAN, , ,7,A,1, ,987472,198610,CM,1, 20,0101000020E610000046EC9895417F52C034A86DBE1C5B4440
555642, 2010,44,11554,11262010,2015,A,O,P,5,FEL,2,V,Y,N,N, ,N, ,0,0,Y, ,N,N,N,N,N,N,N,N,N,N,N,N,N,N,N,N,N,N,N,N,N,N,N,N,N,N,N,N,N,N,N,N,N,N,N,Y,N,N,N,N,N,N,N,N,N,N,N,N,N,N,N,163,163,N,N, , ,M,B,12311900,13,5,5,168,BK,BR,M, ,L, , ,ST, , ,GRAND CONCOURSE,EAST 170 STREET, ,BRONX, , ,44,P, , ,1008114,244866,CM,1, 20,0101000020E6100000E73AFDFA7A7A52C0255326F35B6B4440
555643, 2010,46,10849,11262010,2015,A,O,P,1,CPW,1,P,Y,N,N, ,N, ,0,0,Y, ,Y,N,N,N,N,N,N,N,N,N,Y,N,N,N,N,N,N,N,N,N,N,N,N,N,Y,N,N,N,N,N,N,N,N,N,N,Y,N,N,N,N,N,N,N,N,N,N,N,N,N,N,N,163,46,Y,N, , ,M,Q,09011991,19,5,10,190,BK,BR,M, ,L, , ,ST,2420,CRESTON AVENU,EAST 188 STREET,EAST 184 STREET, ,BRONX, , ,46,H,4, ,1012149,252937,CM,1, 20,0101000020E6100000FF0B39838B7952C0FB458774316E4440
555644, 2010,14,10978,11262010,2015,1,I,T,4,FEL,5,V,Y,Y,N, ,N, ,0,0,N, ,N,N,N,N,N,N,N,N,N,N,N,N,N,N,N,N,N,N,N,N,N,N,N,N,N,N,N,N,N,Y,N,N,N,N,N,Y,N,N,N,N,N,N,N,Y,N,N,N,N,N,N,N,872,872,N,N,V,S,M,Q,12311900,19,6,1,220,BK,BR,H, ,L, , ,MEZZ AREA, , ,8 AVENUE,WEST 42 STREET, ,MANHATTAN, , ,14,H,11, ,987078,215157,CM,1, 45,0101000020E6100000E10E58C1587F52C03E61A3FCEC604440
555645, 2010,108,6372,11262010,2015,1,O,P,2,CSCS,6,P,Y,Y,Y,PL 220.0,N, ,0,0,N, ,Y,Y,Y,N,N,N,N,N,N,N,N,N,N,N,N,N,N,N,N,N,N,Y,N,N,N,N,N,N,N,N,N,N,Y,N,N,Y,N,N,N,N,N,N,N,Y,N,N,N,Y,N,N,N,108,108,Y,N,V,S,M,W,12121976,33,5,11,250,BR,GY,H, ,L, , ,STREET, , ,43 AVENUE,40 STREET, ,QUEENS, , ,108,D, , ,1005332,210908,CM,1, 28,0101000020E6100000E1D9E473217B52C0B3B312066E5F4440
555646, 2010,40,16320,11262010,2016,1,O,P,3,CPW,3,P,Y,N,N, ,N, ,0,0,Y, ,N,N,N,N,N,N,N,N,N,N,N,N,N,N,N,N,N,N,N,N,N,N,N,N,Y,N,N,N,N,N,N,N,N,N,N,Y,N,N,N,N,N,N,N,N,N,N,N,N,N,N,N,40,40,N,N, , ,M,P,01031946,64,5,9,180,BA,BR,M, ,L, , ,STREET,630,COURTLANDT AV,EAST 152 STREET,EAST 151 STREET, ,BRONX, , ,40,G,5,6,1006768,237487,CM,1, 20,0101000020E610000019AAAA15CB7A52C0234C5668C4684440
555647, 2010,19,3793,11262010,2018,A,O,P,1,FELONY,5,P,Y,Y,N, ,N, ,0,0,N, ,N,N,N,N,N,N,N,N,N,N,N,N,N,N,N,N,N,N,N,Y,N,Y,N,N,N,N,N,Y,N,N,N,N,N,N,N,Y,N,Y,N,N,N,N,N,N,N,N,N,N,N,N,N,19,19,N,N,V,S,M,B,05101968,42,6,1,170,BR,BR,M, ,L, , ,STREET, , ,1 AVENUE,EAST 74 STREET, ,MANHATTAN, , ,19,H, , ,996704,219491,CM,1, 85,0101000020E6100000C3F9575A1F7D52C02001528372624440
555648, 2010,19,3794,11262010,2018,A,O,P,2,FELONY,5,P,Y,Y,N, ,N, ,0,0,N, ,N,N,N,N,N,N,N,N,N,N,N,N,N,N,N,N,N,N,N,Y,N,N,N,N,Y,N,N,Y,Y,N,N,N,N,N,N,N,N,N,N,N,N,N,Y,Y,N,N,N,N,N,N,N,19,19,N,N, ,S,M,B,08091966,44,6,1,175,XX,BK,T, ,L, , ,RESIDENTIAL AREA, , ,1 AVENUE,EAST 74 STREET, ,MANHATTAN, , ,19,H, , ,996704,219491,CM,1, 85,0101000020E6100000C3F9575A1F7D52C02001528372624440
555649, 2010,46,10847,11262010,2020,A,O,P,1,CPW,5,O,Y,N,N, ,N, ,0,0,Y, ,Y,N,N,N,N,N,N,N,N,N,Y,N,N,N,N,N,N,N,N,N,N,N,N,N,N,N,N,N,N,N,N,N,N,Y,N,Y,Y,N,N,N,N,N,N,N,N,N,N,N,N,N,N,163,46,Y,N, , ,M,B,04101983,27,6,0,190,BK,BR,M, ,L, , ,ST,2420,CRESTON AVENU,EAST 188 STREET,EAST 184 STREET, ,BRONX, , ,46,H,4, ,1012149,252937,CM,1, 20,0101000020E6100000FF0B39838B7952C0FB458774316E4440
555650, 2010,101,9323,11262010,2020,A,I,P,10,FELONY,10,P,Y,N,N, ,Y,TRESS PA,0,0,Y, ,Y,N,N,N,N,N,N,N,N,N,N,N,N,N,N,N,N,N,N,N,N,N,N,N,N,N,N,N,N,N,N,N,N,Y,N,N,N,N,N,N,Y,N,Y,N,N,N,N,N,N,N,N,101,101,N,Y, , ,M,B,05021982,28,5,7,170,BR,BR,M, ,L, , ,HALLWAY,14-20,GATEWAY BOULE,EVERDELL AVENUE,MOTT AVENUE, ,QUEENS, , ,101,A, , ,1053939,158607,CM,1, 14,0101000020E61000000E6F5C43F06F52C0B7744EE0054D4440
555651, 2010,23,16039,11262010,2020,1,O,H,5,MISD,5,V,Y,N,N, ,N, ,0,0,Y, ,N,N,N,N,N,N,N,N,N,N,N,N,N,N,N,N,N,N,N,N,N,N,N,N,Y,N,N,N,N,Y,N,N,Y,N,Y,N,N,N,N,N,N,N,Y,Y,N,N,N,N,N,N,N,805,805,N,N, , ,M,B,12311900,46,5,10,175,BK,BR,M, ,L, , ,STREET, ,EAST 112 STRE,1 AVENUE,2 AVENUE, ,MANHATTAN, , ,23,G, , ,1000966,228729,CM,1, 28,0101000020E61000005BEAA8E1227C52C048CAA524B1654440
555652, 2010,19,3753,11262010,2020,A,O,P,1,FELONY,5,P,Y,N,N, ,N, ,0,0,Y, ,N,N,N,N,N,N,N,N,N,N,N,N,N,N,N,N,N,N,N,N,N,N,N,N,N,N,N,Y,N,N,N,N,N,N,N,N,N,N,N,N,N,N,N,N,N,N,N,N,N,N,N,137,137,N,N, , ,M,B,12311900,32,6,0,200,BK,BR,M, ,L, , ,SIDEWALK,1275,LEXINGTON AVE,EAST 86 STREET,EAST 85 STREET, ,MANHATTAN, , ,19,C, ,33,996509,223189,CM,1, 85,0101000020E61000003E97C9C62A7D52C00A1D4F1EBF634440
555653, 2010,14,11027,11262010,2020,1,I,T,10,GRAND LARCENY,1,V,Y,N,N, ,N, ,0,0,N,I,Y,N,N,N,N,N,N,N,N,N,Y,N,N,N,N,N,N,N,N,N,N,N,N,N,N,Y,N,N,Y,Y,N,N,N,N,N,Y,N,N,N,N,N,N,N,N,N,N,N,N,N,N,N,861,861,Y,N,V,S,M,B,12311900,43,6,2,170,BK,BR,M, ,L, , ,N/B N/R, , ,WEST 34 STREET,AVENUE OF THE AMERI, ,MANHATTAN, , ,14,C,7, ,987636,212439,CM,1, 45,0101000020E610000029D336C7377F52C0DB152186F85F4440
555654, 2010,77,10552,11262010,2020,1,I,H,3,CRIM TRES,5,V,Y,N,N, ,N, ,0,0,Y, ,N,N,N,N,N,N,N,N,N,N,N,N,N,N,N,N,N,N,N,N,N,N,N,N,N,N,N,N,Y,Y,N,N,N,N,N,Y,N,N,N,N,N,N,Y,Y,N,N,N,N,N,N,N,824,824,N,N, , ,M,B,12311900,42,6,2,190,BK,BR,M, ,L, , ,LOBBY,1008,SAINT MARKS A,TROY AVENUE,ALBANY AVENUE, ,BROOKLYN, , ,77,I,5,56,1001325,185055,CM,1, 31,0101000020E6100000431F6D740F7C52C08B08351459564440
555655, 2010,70,9958,11262010,2021,A,I,P,1,CRIM TRESS,3,R,Y,N,N, ,N, ,0,0,Y, ,N,N,N,N,N,N,N,N,N,N,N,N,N,N,N,N,N,N,N,N,N,N,N,N,Y,N,N,N,N,N,N,N,N,N,N,N,N,N,N,N,N,Y,N,Y,N,N,N,N,N,N,N,164,164,N,N, , ,F,B,12311900,15,5,2,150,BK,BR,M, ,L, , , ,131,EAST 21 STREE,CHURCH AVENUE,CATON AVENUE, ,BROOKLYN, , ,70,I,19, ,995302,176558,CM,1, 31,0101000020E6100000648F606F737D52C07DF6242A5D534440
555656, 2010,70,9959,11262010,2023,A,I,P,1,CRIM TRESS,3,R,Y,N,N, ,N, ,0,0,Y, ,N,N,N,N,N,N,N,N,N,N,N,N,N,N,N,N,N,N,N,N,N,N,N,N,N,N,N,N,N,N,N,N,N,N,N,Y,N,Y,N,N,N,N,N,N,N,N,N,N,N,N,N,164,164,N,N, , ,M,B,12311900,20,5,9,150,BK,BR,M, ,L, , , ,131,EAST 21 STREE,CHURCH AVENUE,CATON AVENUE, ,BROOKLYN, , ,70,I,19, ,995302,176558,CM,1, 31,0101000020E6100000648F606F737D52C07DF6242A5D534440
555657, 2010,18,2902,11262010,2023,1,O,P,1,CPW FELONY,2,P,Y,N,N, ,N, ,0,0,Y, ,N,N,N,N,N,N,N,N,N,N,N,N,N,N,N,N,N,N,N,N,N,N,N,N,N,N,N,N,N,N,N,N,N,N,N,N,N,N,N,N,N,Y,Y,N,N,N,N,N,N,N,N,136,136,N,N, , ,M,W,12311900,25,5,9,140,BR,BL,T, ,L, , ,STREET, , ,7 AVENUE,WEST 47 STREET, ,MANHATTAN, , ,18,D, , ,988506,215877,CM,1, 20,0101000020E6100000F49F264C047F52C02A528AB92D614440
555658, 2010,23,16130,11262010,2024,1,O,H,1,FEL,1,P,Y,N,N, ,N, ,0,0,N, ,Y,Y,N,N,N,N,N,N,N,N,N,N,N,N,N,N,N,N,N,N,N,N,N,N,N,N,N,N,N,N,N,N,N,N,N,Y,N,N,N,N,N,N,Y,Y,N,N,N,Y,N,N,N,833,833,Y,N,V,S,M,B,06201979,31,5,11,200,BK,BR,M, ,L, , ,SIDEWALK,425,EAST 105 STRE,ROOSEVELT DRIVE,1 AVENUE, ,MANHATTAN, , ,23,A, , ,1000921,226587,CM,1, 20,0101000020E61000008EDE9EA1257C52C04CA7F57EF0644440
555659, 2010,83,8289,11262010,2025,A,O,P,1,FEL,5,P,Y,N,N, ,N, ,0,0,Y, ,N,N,N,N,N,N,N,N,N,N,N,N,N,N,N,N,N,N,N,N,N,N,N,N,N,N,N,N,N,N,N,N,N,N,N,N,N,N,N,N,N,Y,Y,N,N,N,N,N,N,N,N,79,73,N,N, , ,M,A,06031987,23,5,10,180,BK,BR,M, ,L, , ,STREET, , ,LINDEN STREET,BUSHWICK AVENUE, ,BROOKLYN, , ,83,D, , ,1006044,191165,CM,1, 46,0101000020E610000097C58A66F87A52C0EC2DE2467E584440
555660, 2010,40,16361,11262010,2025,1,I,H,1,CRIM TRES,3,V,Y,N,N, ,N, ,0,0,Y, ,N,N,N,N,N,N,N,N,N,N,N,N,N,N,N,N,N,N,N,N,N,N,N,N,N,N,N,N,N,N,N,N,N,N,N,N,N,N,N,N,N,Y,Y,N,N,N,N,N,N,N,N,807,807,N,N, , ,M,B,08281994,17,5,8,160,BK,BR,T, ,L, , ,LOBBY,175,ALEXANDER AVE,EAST 136 STREET,EAST 135 STREET, ,BRONX, , ,40,J,18, ,1004670,233870,CM,1, 31,0101000020E610000046E8D473477B52C0F14FED437F674440
555661, 2010,23,16024,11262010,2025,1,O,H,2,MISD,5,V,Y,N,N, ,N, ,0,0,Y, ,Y,Y,N,N,N,N,N,N,N,N,Y,N,N,N,N,N,N,N,N,Y,N,N,N,Y,Y,N,N,N,N,N,N,N,N,N,N,Y,N,N,N,N,Y,N,Y,N,N,N,N,Y,N,N,Y,805,805,N,N, , ,M,B,12311900,31,6,4,200,BK,BR,H, ,L, , ,SIDEWALK, ,MADISON AVENU,EAST 115 STREET,EAST 112 STREET, ,MANHATTAN, , ,23,I, , ,999007,229814,CM,1, 20,0101000020E61000003F9FA0C2967C52C0EA5970D712664440
555662, 2010,83,8286,11262010,2025,A,O,P,1,FEL,10,P,Y,N,N, ,N, ,0,0,Y, ,N,N,N,N,N,N,N,N,N,N,N,N,N,N,N,N,N,N,N,N,N,N,N,N,N,N,N,N,N,N,N,N,N,N,N,N,N,N,N,Y,N,N,Y,Y,N,N,N,N,N,N,N,83,83,N,N, , ,M,Q,04171969,40,5,10,150,BR,BK,M, ,L, , ,STREET,160,MENAHAN STREE,WILSON AVENUE,CENTRAL AVENUE, ,BROOKLYN, , ,83,D, , ,1006774,193006,CM,1, 46,0101000020E6100000B4F0C52BCD7A52C0775E2ACC23594440
555663, 2010,44,11485,11262010,2030,A,O,P,2,ROBBERY,2,V,Y,Y,N, ,N, ,0,0,Y, ,Y,N,N,N,N,N,N,N,N,N,Y,N,N,N,N,N,N,N,N,N,Y,Y,Y,N,N,N,N,N,Y,Y,N,N,N,N,Y,N,N,N,N,Y,N,N,Y,Y,N,N,N,N,N,N,N,44,163,N,N, , ,F,B,12311900,17,5,11,160,BK,BR,T, ,L, , ,ROBBERY, , ,FINDLAY AVENUE,EAST 166 STREET, ,BRONX, , ,44,H, , ,1008053,241673,CM,1, 85,0101000020E6100000F62D28C77E7A52C0E2CFF2C73C6A4440
555664, 2010,44,11525,11262010,2030,A,O,P,2,FEL,1,V,Y,N,N, ,N, ,0,0,Y, ,N,N,N,N,N,N,N,N,N,N,N,N,N,N,N,N,N,N,N,N,N,N,N,N,N,N,N,N,N,Y,N,N,N,N,N,N,N,N,N,N,N,N,N,N,N,N,N,N,N,N,N,163,163,N,N, , ,M,B,12311900,16,5,10,160,BK,BR,M, ,L, , ,ST, , ,MORRIS AVENUE,EAST 166 STREET, ,BRONX, , ,44,G, , ,1007579,241875,CM,1, 85,0101000020E61000008A9233D49A7A52C0E32078FD4E6A4440
555665, 2010,44,11524,11262010,2030,A,O,P,3,FEL,2,V,Y,N,N, ,N, ,0,0,Y, ,N,N,N,N,N,N,N,N,N,N,N,N,N,N,N,N,N,N,N,N,N,N,N,N,N,N,N,N,N,N,N,N,N,N,N,Y,N,N,N,N,N,N,N,N,N,N,N,N,N,N,N,163,163,N,N, , ,M,B,12311900,16,5,10,165,BK,BR,M, ,L, , ,ST, , ,MORRIS AVENUE,EAST 166 STREET, ,BRONX, , ,44,G, , ,1007579,241875,CM,1, 20,0101000020E61000008A9233D49A7A52C0E32078FD4E6A4440
555666, 2010,44,11479,11262010,2030,A,O,P,2,ROBBERY,3,V,Y,N,N, ,N, ,0,0,Y, ,Y,N,N,N,N,N,N,N,N,N,Y,N,N,N,N,N,N,N,N,N,Y,N,N,N,Y,N,N,Y,Y,N,N,N,N,N,Y,N,N,N,N,N,N,N,Y,Y,Y,N,N,N,N,N,N,44,163,N,N, , ,M,B,12311900,14,5,10,212,BK,BR,H, ,L, , ,ROBBERY, , ,FINDLAY AVENUE,EAST 166 STREET, ,BRONX, , ,44,H, , ,1008053,241673,CM,1, 85,0101000020E6100000F62D28C77E7A52C0E2CFF2C73C6A4440
555667, 2010,44,11484,11262010,2030,A,O,P,2,ROBBERY,3,V,Y,Y,N, ,N, ,0,0,Y, ,Y,Y,N,N,N,N,N,N,N,N,Y,N,N,N,N,N,N,N,N,N,Y,Y,Y,N,Y,N,N,Y,N,Y,N,N,N,N,Y,N,N,N,N,Y,N,N,Y,Y,N,N,N,Y,N,N,N,163,44,N,N, , ,M,B,12311900,17,5,11,130,BK,BR,T, ,L, , ,STREET, , ,FINDLAY AVENUE,EAST 166 STREET, ,BRONX, , ,44,H, , ,1008053,241673,CM,1, 85,0101000020E6100000F62D28C77E7A52C0E2CFF2C73C6A4440
555668, 2010,44,11482,11262010,2030,A,O,P,2,ROBBERY,3,V,Y,Y,N, ,N, ,0,0,Y, ,Y,N,N,N,N,N,N,N,N,N,Y,N,N,N,N,N,N,N,N,N,Y,Y,Y,N,Y,N,N,Y,N,Y,N,N,N,N,Y,N,N,N,N,Y,N,N,Y,Y,N,N,N,N,N,N,N,44,163,N,N, , ,M,B,12311900,15,5,7,220,BK,BR,H, ,L, , ,STREET, , ,FINDLAY AVENUE,EAST 166 STREET, ,BRONX, , ,44,H, , ,1008053,241673,CM,1, 85,0101000020E6100000F62D28C77E7A52C0E2CFF2C73C6A4440
555669, 2010,44,11481,11262010,2030,A,O,P,2,ROBBERY,3,V,Y,Y,N, ,N, ,0,0,Y, ,Y,Y,N,N,N,N,N,N,N,N,Y,N,N,N,N,N,N,N,N,N,Y,Y,N,N,Y,N,N,Y,Y,Y,N,N,N,N,Y,N,N,N,N,N,N,N,Y,Y,Y,N,N,Y,N,N,N,44,163,N,N, , ,M,B,12311900,20,5,8,155,BR,BR,T, ,L, , ,STREET, , ,FINDLAY AVENUE,EAST 166 STREET, ,BRONX, , ,44,H, , ,1008053,241673,CM,1, 85,0101000020E6100000F62D28C77E7A52C0E2CFF2C73C6A4440
555670, 2010,44,11483,11262010,2030,A,O,P,2,ROBBERY,5,V,Y,Y,N, ,N, ,0,0,Y, ,Y,N,N,N,N,N,N,N,N,N,Y,N,N,N,N,N,N,N,N,N,Y,N,N,N,Y,N,N,Y,N,Y,Y,N,N,N,Y,N,N,Y,N,N,N,N,Y,Y,N,N,N,N,N,N,N,44,163,N,N, , ,M,B,12311900,16,6,0,130,BR,BR,T, ,L, , ,STREET, , ,FINDLAY AVENUE,EAST 166 STREET, ,BRONX, , ,44,H, , ,1008053,241673,CM,1, 85,0101000020E6100000F62D28C77E7A52C0E2CFF2C73C6A4440
555671, 2010,44,11469,11262010,2030,A,O,P,2,ROBBERY,3,P,Y,Y,N, ,N, ,0,0,N, ,Y,N,N,N,N,N,N,N,N,N,N,N,N,N,N,N,N,N,N,N,N,Y,N,N,Y,N,N,Y,Y,N,N,N,N,N,N,N,N,N,N,N,Y,N,Y,Y,N,N,N,N,N,N,N,44,44,Y,Y, ,S,M,B,12311900,30,6,2,175,BK,BR,T, ,L, , , , , ,SHERIDAN AVENUE,EAST 170 STREET, ,BRONX, , ,44,Q, , ,1008404,244727,CM,1, 85,0101000020E610000098C73DD1697A52C03F2C296C4F6B4440
555672, 2010,5,2546,11262010,2030,1,O,P,5,CPW,10,V,Y,N,N, ,N, ,0,0,N, ,N,N,N,N,N,N,N,N,N,N,N,N,N,N,N,N,N,N,N,N,N,N,N,N,N,N,N,N,N,N,N,N,N,N,N,N,N,N,N,N,Y,N,Y,N,N,N,N,N,N,N,N,181,136,N,N,V,S,M,Q,12311900,20,5,8,190,BR,BR,M, ,L, , ,STREET, , ,ALLEN STREET,CANAL STREET, ,MANHATTAN, , ,5,B, , ,986302,199812,CM,1, 20,0101000020E6100000F4A944B9867F52C0B2B213DD885B4440
555673, 2010,14,10979,11262010,2030,1,I,T,10,MISD,4,P,Y,N,N, ,N, ,0,0,N, ,N,N,N,N,N,N,N,N,N,N,N,N,N,N,N,N,N,N,N,N,N,N,N,N,N,N,N,N,Y,N,N,N,N,N,N,N,N,N,N,N,N,N,N,Y,N,N,N,N,N,N,N,872,872,N,N,V,S,M,Q,12311900,25,5,9,175,BK,BR,T, ,L, , ,SUBWAY R151, , ,7 AVENUE,WEST 42 STREET, ,MANHATTAN, , ,14,E,13, ,987866,214721,CM,1, 68,0101000020E6100000331F5C282A7F52C0BB1482C3C5604440
555674, 2010,32,10092,11262010,2031,A,I,P,2,FEL,5,V,Y,N,N, ,N, ,0,0,Y, ,N,N,N,N,N,N,N,N,N,N,N,N,N,N,N,N,N,N,N,Y,N,N,N,N,N,N,N,N,N,N,N,N,N,N,N,N,N,N,N,N,Y,N,N,N,N,N,N,N,N,N,N,32,32,N,N, , ,M,B,12311900,26,5,10,170,BK,BR,M, ,L, , ,APARTMENT BUILDING,480,SAINT NICHOLA,WEST 134 STREET,WEST 133 STREET, ,MANHATTAN, , ,32,H,3,39,998519,236627,CM,1, 20,0101000020E61000009E517466B37C52C0A880769F77684440
555675, 2010,73,19964,11262010,2035,1,O,P,1,FELONY,4,V,Y,N,N, ,N, ,0,0,Y, ,Y,N,N,N,N,N,N,N,N,N,Y,N,N,N,N,N,N,N,N,N,N,N,N,N,N,N,N,N,N,N,Y,N,N,N,N,Y,N,Y,N,Y,N,N,N,N,N,N,N,N,N,N,N,73,165,Y,N, , ,M,B,07231992,18,5,8,140,BK,BR,M, ,L, , ,STREET, , ,SARATOGA AVENUE,LIVONIA AVENUE, ,BROOKLYN, , ,73,J,10, ,1007700,180317,CM,1, 85,0101000020E6100000D1B0892E977A52C01FFE1176AE544440
555676, 2010,28,6783,11262010,2035,A,O,P,1,MISD,5,P,Y,N,Y,CPCS,N, ,0,0,Y, ,Y,N,Y,N,N,N,N,N,N,N,Y,N,N,N,N,N,N,N,N,N,N,N,N,N,N,N,N,N,N,N,N,N,Y,Y,N,Y,N,N,N,N,N,N,Y,N,N,N,N,N,N,N,N,28,28,Y,N, , ,M,B,08231961,49,5,10,170,BK,BR,M, ,L, , ,SIDEWALK,239,WEST 110 STRE,DOUGLASS BOULEVARD,POWELL BOULEVARD, ,MANHATTAN, , ,28,F, ,37,996342,230698,CM,1, 24,0101000020E6100000E0DC3A6F347D52C063E9017B62664440
555677, 2010,77,10541,11262010,2035,A,O,P,5,GLA,5,P,Y,N,N, ,N, ,0,0,Y, ,N,N,N,N,N,N,N,N,N,N,N,N,N,N,N,N,N,N,N,Y,N,N,N,N,N,N,N,N,Y,Y,N,N,N,N,N,N,N,Y,N,N,N,N,Y,Y,N,N,N,N,N,N,N,165,165,N,N, , ,M,B,11061966,44,5,9,170,BK,BR,M, ,L, , ,STREET,687,SAINT MARKS A,NOSTRAND AVENUE,ROGERS AVENUE, ,BROOKLYN, , ,77,F,11, ,997988,185288,CM,1, 46,0101000020E61000003ED5838CD47C52C05814B6396E564440
555678, 2010,44,11513,11262010,2035,A,O,P,3,FEL,2,V,Y,N,N, ,N, ,0,0,Y, ,Y,N,N,N,N,N,N,N,N,N,N,N,N,N,N,N,N,N,N,N,N,N,N,N,N,N,N,N,N,N,N,N,N,Y,N,Y,N,N,N,N,N,N,N,N,N,N,N,N,N,N,N,44,163,Y,N, , ,M,B,12311900,17,5,5,120,BK,BR,T, ,L, , ,ST, , ,CONCOURSE VILLAGE WEST,EAST 156 STREET, ,BRONX, , ,44,C, , ,1005541,239355,CM,1, 20,0101000020E6100000F5F5219E137B52C02AFB58836C694440
555679, 2010,44,11512,11262010,2035,A,O,P,2,FEL,3,V,Y,N,N, ,N, ,0,0,Y, ,Y,N,N,N,N,N,N,N,N,N,N,N,N,N,N,N,N,N,N,N,N,N,Y,N,N,N,N,N,N,N,N,N,Y,Y,N,N,N,Y,N,N,N,N,N,N,N,N,N,N,N,N,N,44,163,Y,N, , ,M,B,12311900,18,5,9,180,BR,BR,M, ,L, , ,ST, , ,CONCOURSE VILLAGE WEST,EAST 156 STREET, ,BRONX, , ,44,C, , ,1005541,239355,CM,1, 20,0101000020E6100000F5F5219E137B52C02AFB58836C694440
555681, 2010,14,11035,11262010,2036,1,I,T,5,GRAND LARCENY,5,V,Y,N,N, ,N, ,0,0,N, ,Y,N,N,N,N,N,N,N,N,N,Y,N,N,N,N,N,N,N,N,N,N,N,N,N,N,N,N,N,Y,N,N,N,N,Y,N,Y,N,Y,N,N,N,N,N,N,N,N,N,N,N,N,N,861,861,Y,N,V,S,M,B,12311900,37,5,10,160,BK,BR,M, ,L, , ,SUBWAY, , ,WEST 34 STREET,AVENUE OF THE AMERI, ,MANHATTAN, , ,14,C,7, ,987636,212439,CM,1, 45,0101000020E610000029D336C7377F52C0DB152186F85F4440
555682, 2010,90,9639,11262010,2040,A,O,P,1,ROBBERY,10,V,Y,Y,N, ,N, ,0,0,Y, ,Y,N,N,N,N,N,N,N,N,N,N,N,N,N,N,N,N,N,N,N,N,N,N,N,N,N,N,Y,N,N,N,N,N,N,N,Y,Y,Y,N,N,N,N,Y,Y,N,N,N,N,N,N,N,90,90,Y,N, , ,M,B,01031995,15,5,8,140,BK,BR,M, ,L, , ,STREET,30,MANHATTAN AVE,MOORE STREET,VARET STREET, ,BROOKLYN, , ,90,G, , ,999705,195482,CM,1, 85,0101000020E61000001DF4C7BF6E7C52C095BFB9FC025A4440
555683, 2010,76,5160,11262010,2040,A,O,P,1,ROBBERY,1,V,Y,N,N, ,N, ,0,0,Y, ,Y,N,N,N,N,N,N,N,N,N,N,N,N,N,N,N,N,N,N,N,N,N,N,N,Y,N,N,N,Y,Y,N,N,N,N,N,N,N,N,N,N,N,N,Y,Y,Y,N,N,N,N,N,N,76,76,Y,N, , ,M,B,07211995,15,5,8,130,BK,BK,T, ,L, , ,STREET, , ,WYCKOFF STREET,BOND STREET, ,BROOKLYN, , ,76,G,2, ,987977,188618,CM,1, 85,0101000020E6100000280386D4237F52C0F367390D9A574440
555684, 2010,90,9739,11262010,2040,A,O,P,2,CPW,2,P,Y,N,N, ,N, ,0,0,N, ,Y,N,N,N,N,N,N,N,N,N,N,N,N,N,N,N,N,N,N,N,N,N,N,N,N,Y,N,N,Y,Y,N,N,N,N,Y,N,N,N,N,N,N,N,N,Y,N,N,N,N,N,N,N,90,90,Y,N,V,S,M,B,09161989,20,5,9,200,BR,BR,H, ,L, , ,STREET, , ,SEIGEL STREET,MANHATTAN AVENUE, ,BROOKLYN, , ,90,F, , ,999652,195880,CM,1, 20,0101000020E61000001083B5DD717C52C0063A5AC9265A4440
555685, 2010,46,10855,11262010,2040,A,O,P,1,ROB,5,P,Y,N,N, ,N, ,0,0,Y, ,Y,N,N,N,N,N,N,N,N,N,Y,N,N,N,N,N,N,N,N,N,N,N,N,N,N,N,N,N,N,N,N,N,N,N,N,Y,N,Y,N,Y,N,N,Y,N,N,N,N,N,N,N,N,163,46,Y,N, , ,M,B,11081981,29,5,10,160,BK,BR,M, ,L, , ,ST, , ,VALENTINE AVENUE,EAST 183 STREET, ,BRONX, , ,46,C,1, ,1012419,251454,CM,1, 85,0101000020E610000022E6509F7B7952C0722C740CAC6D4440
555686, 2010,90,9638,11262010,2040,A,O,P,1,ROBBERY,10,V,Y,Y,N, ,N, ,0,0,Y, ,Y,N,N,N,N,N,N,N,N,N,N,N,N,N,N,N,N,N,N,N,N,N,N,N,Y,N,N,Y,N,N,N,N,N,N,N,Y,Y,Y,N,N,N,N,Y,Y,N,N,N,N,N,N,N,90,90,Y,N, , ,M,B,12161996,13,5,6,130,BK,BR,T, ,L, , ,STREET,30,MANHATTAN AVE,MOORE STREET,VARET STREET, ,BROOKLYN, , ,90,G, , ,999705,195482,CM,1, 85,0101000020E61000001DF4C7BF6E7C52C095BFB9FC025A4440
555687, 2010,25,10562,11262010,2040,1,O,H,1,MISD,2,V,Y,Y,N, ,N, ,0,0,N, ,Y,N,N,N,N,N,N,N,N,N,N,N,N,N,N,N,N,N,N,N,N,N,N,N,N,N,N,N,N,N,N,N,Y,N,N,N,N,N,N,N,N,N,Y,N,N,N,N,N,N,N,N,805,805,Y,N,V,S,M,B,12311900,54,5,10,180,BK,BR,M, ,L, , ,STREET, ,MADISON AVENU,EAST 135 STREET,EAST 132 STREET, ,MANHATTAN, , ,25,E, , ,1001577,234452,CM,1, 24,0101000020E61000003A8F467CFE7B52C03CA18DD3B3674440
555688, 2010,25,10563,11262010,2040,1,O,H,1,MISD,2,V,Y,Y,N, ,N, ,0,0,N, ,Y,N,N,N,N,N,N,N,N,N,N,N,N,N,N,N,N,N,N,N,N,N,N,N,N,N,N,N,N,N,N,N,Y,N,N,N,N,N,N,N,N,N,Y,N,N,N,N,N,N,N,N,805,805,Y,N,V,S,M,B,12311900,41,5,10,195,BK,BR,M, ,L, , ,STREET, ,MADISON AVENU,EAST 135 STREET,EAST 132 STREET, ,MANHATTAN, , ,25,E, , ,1001577,234452,CM,1, 24,0101000020E61000003A8F467CFE7B52C03CA18DD3B3674440
555689, 2010,106,7654,11262010,2040,A,O,P,3,MISD,5,P,Y,N,N, ,N, ,0,0,N, ,Y,N,N,N,N,N,N,N,N,N,N,N,N,N,N,N,N,N,N,N,N,N,N,N,N,N,N,N,N,N,Y,N,N,N,N,Y,N,N,N,N,N,N,Y,Y,N,N,N,N,N,N,N,106,106,Y,N,V,S,M,P,09041985,25,5,10,170,BK,BR,T, ,L, , ,STREET, , ,LINDEN BOULEVARD,CROSS BAY BOULEVARD, ,QUEENS, , ,106,D, , ,1027736,184780,CM,1, 20,0101000020E61000003A7B2581F77552C0A3A88F623D564440
555690, 2010,46,10856,11262010,2040,A,O,P,1,CPW,3,P,Y,N,N, ,N, ,0,0,Y, ,Y,N,N,N,N,N,N,N,N,N,Y,N,N,N,N,N,N,N,N,N,N,Y,N,N,N,N,N,N,N,N,N,N,N,N,N,Y,N,N,N,N,N,N,Y,N,N,N,N,N,N,N,N,163,46,Y,N, , ,M,Q,02061992,18,5,10,180,BK,BR,M, ,L, , ,ST,2313,CRESTON AVENU,FIELD PLACE,EAST 183 STREET, ,BRONX, , ,46,H,4, ,1011735,251988,CM,1, 20,0101000020E610000031971519A47952C0476C7625DC6D4440
555691, 2010,61,4987,11262010,2040,A,O,P,1,BURGLARY,2,P,Y,N,N, ,N, ,0,0,Y, ,N,N,N,N,N,N,N,N,N,N,N,N,N,N,N,N,N,N,N,Y,N,N,N,N,Y,N,N,N,Y,N,N,N,N,N,N,N,N,N,N,N,N,N,N,N,N,N,N,N,N,N,N,61,61,N,N, , ,M,W,06231987,23,5,8,145,BR,BR,T, ,L, , ,STREET,1413,KINGS HIGHWAY,EAST 15 STREET,EAST 14 STREET, ,BROOKLYN, , ,61,K,2,13,995646,160964,CM,1, 14,0101000020E6100000EE17158E5F7D52C0781C549BE24D4440
555692, 2010,61,4988,11262010,2040,A,O,P,1,BURGLARY,2,P,Y,N,N, ,N, ,0,0,Y, ,N,N,N,N,N,N,N,N,N,N,N,N,N,N,N,N,N,N,N,Y,N,N,N,N,Y,N,N,N,Y,N,N,N,N,N,N,N,N,N,N,N,N,N,N,N,N,N,N,N,N,N,N,61,61,N,N, , ,M,W,11121987,23,6,0,230,BR,BL,H, ,L, , ,STORE/STREET,1413,KINGS HIGHWAY,EAST 15 STREET,EAST 14 STREET, ,BROOKLYN, , ,61,K,2,13,995646,160964,CM,1, 14,0101000020E6100000EE17158E5F7D52C0781C549BE24D4440
555693, 2010,44,11531,11262010,2041,A,O,P,2,FEL,2,V,Y,N,N, ,N, ,0,0,Y, ,Y,N,N,N,N,N,N,N,N,N,N,N,N,N,N,N,N,N,N,N,N,Y,N,N,N,N,N,N,Y,N,N,N,N,N,N,N,N,Y,Y,N,N,N,N,N,N,N,N,N,N,N,N,163,163,N,N, , ,M,B,12311900,38,5,11,180,BK,BK,M, ,L, , ,ST, , ,WALTON AVENUE,EAST 170 STREET, ,BRONX, , ,44,P, , ,1007509,245160,CM,1, 85,0101000020E6100000E9415CC99E7A52C0D617D471766B4440
555694, 2010,122,6099,11262010,2043,1,O,P,3,CPM,5,P,Y,N,N, ,N, ,0,0,Y, ,N,N,N,N,N,N,N,N,N,N,N,N,N,N,N,N,N,N,N,Y,N,N,N,N,N,N,N,N,N,N,N,N,N,N,N,Y,N,N,N,N,N,N,Y,Y,N,N,N,N,N,N,N,122,122,N,N, , ,M,W,03211991,19,5,10,175,BR,BL,M, ,L, , ,PARK, , ,RICHMOND AVENUE,ETON PLACE, ,STATEN IS, , ,122,P, , ,939161,159597,CM,1, 27,0101000020E6100000AFFE476B648A52C04C1C5F23644D4440
555695, 2010,28,6856,11262010,2044,A,O,P,1,MISD,1,P,Y,N,Y,CPCS,N, ,0,0,Y, ,N,N,Y,N,N,N,N,N,N,N,Y,N,N,N,N,N,N,N,N,N,N,N,N,N,N,N,N,N,N,N,N,N,N,N,N,Y,N,Y,N,N,N,N,Y,Y,N,N,N,N,N,N,N,28,28,N,N, , ,M,B,12091965,44,5,11,190,BK,BR,M, ,L, , ,PUBLIC SIDEWALK, , ,DOUGLASS BOULEVARD,WEST 110 STREET, ,MANHATTAN, , ,28,F, , ,995824,230943,CM,1, 24,0101000020E6100000E146C514537D52C0D028D08978664440
555696, 2010,102,7931,11262010,2045,A,O,P,1,CPW,10,V,Y,N,N, ,N, ,0,0,N, ,Y,N,N,N,N,N,N,N,N,N,Y,N,N,N,N,N,N,N,N,Y,N,N,N,N,N,Y,N,N,N,N,N,Y,N,N,N,Y,N,N,N,N,N,N,Y,Y,N,N,N,N,N,N,N,102,102,Y,N, ,S,M,A,01021972,38,5,10,185,BK,BR,M, ,L, , ,SIDEWALK,109-01,ATLANTIC AVEN,110 STREET,109 STREET, ,QUEENS, , ,102,C, , ,1029581,191309,CM,1, 20,0101000020E61000008CC075CF897552C0AECCB34D88584440
555697, 2010,25,10560,11262010,2045,1,O,H,1,MISD,1,P,Y,N,Y,CPCS 7TH,N, ,0,0,N, ,Y,Y,Y,N,N,N,N,N,N,N,N,N,N,N,N,N,N,N,N,N,N,N,N,Y,N,N,N,N,N,N,N,N,Y,N,N,N,N,N,N,N,N,N,Y,N,N,N,N,N,N,N,Y,805,805,N,N,V,S,M,B,03141976,34,5,8,160,BK,BR,T, ,L, , ,SIDEWALK,2102,MADISON AVENU,EAST 135 STREET,EAST 132 STREET, ,MANHATTAN, , ,25,E, , ,1001641,234574,CM,1, 28,0101000020E6100000AE7D3FB1FA7B52C00F7779CBBE674440
555698, 2010,88,7115,11262010,2045,A,I,P,2,ROBBERY,4,P,Y,N,N, ,N, ,0,0,N, ,Y,N,N,N,N,N,N,N,N,N,N,N,N,N,N,N,N,N,N,N,N,Y,Y,N,N,N,N,N,Y,N,N,N,N,N,N,N,N,N,N,N,N,Y,Y,Y,N,N,N,N,N,N,N,88,88,N,N,V,S,M,B,12311900,17,5,8,150,BK,BR,T, ,L, , ,STREET, , ,FULTON STREET,CLINTON AVENUE, ,BROOKLYN, , ,88,A, , ,993433,188289,CM,1, 85,0101000020E610000059883D87E17D52C0B6D6AE547C574440
555699, 2010,44,11474,11262010,2045,A,O,P,1,CPW,2,V,Y,N,N, ,N, ,0,0,Y, ,Y,N,N,N,N,N,N,N,N,N,N,N,N,N,N,N,N,N,N,N,N,N,N,N,N,N,N,N,N,N,N,N,N,N,N,Y,N,Y,N,N,N,N,N,N,N,N,N,N,N,N,N,44,163,Y,N, , ,M,P,12311900,19,5,8,145,BR,BR,M, ,L, , ,STREET, , ,EAST 167 STREET,CLAY AVENUE, ,BRONX, , ,44,J, , ,1008773,242041,CM,1, 20,0101000020E61000007DC71F21547A52C04C205FD05D6A4440
555700, 2010,102,7932,11262010,2045,A,O,P,1,ROBBERY,10,V,Y,N,N, ,N, ,0,0,N, ,Y,N,N,N,N,N,N,N,N,N,Y,N,N,N,N,N,N,N,N,Y,N,N,N,N,N,Y,N,N,N,N,N,N,N,N,N,Y,N,N,N,Y,N,N,Y,Y,N,N,N,N,N,N,N,102,102,Y,N, ,S,M,Q,06051943,67,5,9,180,BK,BR,M, ,L, , ,SIDEWALK,109-01,ATLANTIC AVEN,110 STREET,109 STREET, ,QUEENS, , ,102,C, , ,1029581,191309,CM,1, 85,0101000020E61000008CC075CF897552C0AECCB34D88584440
555701, 2010,122,6095,11262010,2046,1,O,P,3,CPM,5,P,Y,N,N, ,N, ,0,0,N, ,N,N,N,N,N,N,N,N,N,N,N,N,N,N,N,N,N,N,N,Y,N,N,N,N,N,N,N,N,N,N,N,N,N,N,N,Y,N,N,N,N,N,N,Y,Y,N,N,N,N,N,N,N,122,122,N,N,V,S,M,W,08221992,18,5,4,125,BR,BR,T, ,L, , ,PARK, , ,RICHMOND AVENUE,ETON PLACE, ,STATEN IS, , ,122,P, , ,939161,159597,CM,1, 27,0101000020E6100000AFFE476B648A52C04C1C5F23644D4440
555702, 2010,75,25741,11262010,2047,A,O,P,1,CPW,2,V,Y,N,N, ,N, ,0,0,N, ,Y,N,N,N,N,N,N,N,N,N,N,N,N,N,N,N,N,N,N,N,N,N,N,N,N,N,N,N,N,N,N,N,Y,N,N,N,N,N,N,Y,N,N,N,N,N,N,N,N,N,N,N,187,187,Y,N,V,S,M,B,12311900,22,5,10,155,BK,BR,M, ,L, , ,STREET, , ,PENNSYLVANIA AVENUE,LIVONIA AVENUE, ,BROOKLYN, , ,75,F, , ,1013646,181481,CM,1, 20,0101000020E6100000970EA0F6377952C0B886279216554440
555703, 2010,45,4354,11262010,2047,A,O,P,1,FELONY,7,P,Y,N,N, ,N, ,0,0,Y, ,N,N,N,N,N,N,N,N,N,N,N,N,N,N,N,N,N,N,N,Y,N,N,N,N,N,N,N,N,N,N,N,N,N,N,N,Y,N,N,N,N,N,N,Y,N,N,N,N,N,N,N,N,45,45,N,N, , ,M,Q,08041992,18,6,4,230,BK,BR,M, ,L, , ,STREET, , ,WESTCHESTER AVENUE,COMMERCE AVENUE, ,BRONX, , ,45,K, , ,1027674,245277,CM,1, 46,0101000020E6100000CF8BCAC3F47552C008B601797E6B4440
555704, 2010,46,10857,11262010,2047,A,O,P,1,CPW,5,P,Y,N,N, ,N, ,0,0,Y, ,Y,N,N,N,N,N,N,N,N,N,Y,N,N,N,N,N,N,N,N,N,N,N,N,N,N,N,N,N,N,N,N,N,N,N,N,Y,N,N,N,N,N,N,Y,N,N,N,N,N,N,N,N,163,46,Y,N, , ,M,Q,11291969,41,5,10,200,BK,BR,H, ,L, , ,ST, , ,RYER AVENUE,EAST 183 STREET, ,BRONX, , ,46,C,1, ,1012171,251565,CM,1, 20,0101000020E6100000DCDD9A4D8A7952C0EDB9BF0EB66D4440
555705, 2010,49,7977,11262010,2048,A,O,P,1,CPW,5,P,Y,Y,N, ,N, ,0,0,Y, ,Y,Y,N,N,N,N,N,N,N,N,Y,N,N,N,N,N,N,N,N,N,N,N,N,N,N,N,N,N,N,N,N,N,Y,Y,N,Y,Y,Y,N,N,N,N,N,N,N,N,N,Y,N,N,N,49,49,Y,N, , ,F,B,04091990,20,5,9,220,BK,BR,M, ,L, , ,SIDEWALK,2823,BARKER AVENUE,ARNOW AVENUE,BRITTON STREET, ,BRONX, , ,49,H,13, ,1020428,255180,CM,1, 20,0101000020E6100000D2F4DDF0A07752C0B90BB033FA6E4440
555706, 2010,49,8260,11262010,2048,A,O,P,1,FEL,5,V,Y,Y,N, ,N, ,0,0,Y, ,Y,Y,N,N,N,N,N,N,N,N,Y,Y,N,N,N,N,N,N,N,N,N,N,N,N,N,N,N,N,N,N,N,N,Y,Y,N,Y,Y,Y,N,N,N,N,N,N,N,N,N,Y,N,N,N,49,49,Y,N, , ,M,B,07251994,16,5,8,170,BK,BR,T, ,L, , ,SIDEWALK,2823,BARKER AVENUE,ARNOW AVENUE,BRITTON STREET, ,BRONX, , ,49,H,13, ,1020428,255180,CM,1, 20,0101000020E6100000D2F4DDF0A07752C0B90BB033FA6E4440
555707, 2010,120,17161,11262010,2048,A,I,P,1,MIS,5,P,Y,N,Y,CT,N, ,0,0,Y, ,N,N,N,N,N,N,N,N,N,N,N,N,N,N,N,N,N,N,N,N,N,N,N,N,Y,N,N,N,N,N,N,N,N,N,N,N,N,N,N,N,N,Y,N,N,N,N,N,N,N,N,N,446,446,N,N, , ,M,Q,11181985,25,5,9,150,BR,BR,T, ,L, , ,STAIRWELL,225,PARK HILL AVE,SOBEL COURT,ROFF STREET, ,STATEN IS, , ,120,B, , ,961397,163083,CM,1, 31,0101000020E610000042BC4A9B448552C0E2F48E77A04E4440
555708, 2010,70,9975,11262010,2049,A,O,P,2,FELONY,3,P,Y,N,N, ,N, ,0,0,Y, ,Y,N,N,N,N,N,N,N,N,N,N,N,N,N,N,N,N,N,N,N,N,N,Y,N,Y,Y,N,Y,N,N,N,N,N,N,N,N,N,N,N,N,N,N,N,N,N,N,N,N,N,N,N,66,66,N,N, , ,M,I,12311900,17,5,7,140,BK,BR,M, ,L, , ,CORNER, , ,EAST 14 STREET,AVENUE J, ,BROOKLYN, , ,70,C,8, ,994710,167012,CM,1, 85,0101000020E610000055E8D3A1967D52C074DB239C02504440
555709, 2010,40,16354,11262010,2050,1,I,H,1,CRIM TRES,5,P,Y,N,N, ,N, ,0,0,Y, ,N,N,N,N,N,N,N,N,N,N,N,N,N,N,N,N,N,N,N,N,N,N,N,N,N,N,N,N,N,N,N,N,N,N,N,N,N,N,N,N,N,Y,N,N,N,N,N,N,N,N,N,807,807,N,N, , ,F,Q,08131991,19,5,5,140,BK,BR,T, ,L, , ,LOBBY,175,WILLIS AVENUE,EAST 136 STREET,EAST 135 STREET, ,BRONX, , ,40,J,18, ,1005262,233470,CM,1, 31,0101000020E6100000EBC68E6F247B52C042C9853E5B674440
555710, 2010,90,9642,11262010,2050,A,O,P,2,ROBBERY,5,P,Y,Y,N, ,N, ,0,0,Y, ,N,N,N,N,N,N,N,N,N,N,N,N,N,N,N,N,N,N,N,N,N,N,N,N,N,N,N,Y,Y,Y,N,N,N,N,N,N,N,N,N,N,N,N,Y,N,N,N,N,N,N,N,N,90,90,N,N, , ,M,B,02251966,43,6,3,200,BK,BR,M, ,L, , ,STREET, , ,LEONARD STREET,MOORE STREET, ,BROOKLYN, , ,90,F, , ,999248,195557,CM,1, 85,0101000020E610000041B13FC0897C52C0CAC52DC2095A4440
555711, 2010,28,6800,11262010,2050,A,I,P,5,MISD,10,V,Y,Y,N, ,N, ,0,0,Y, ,Y,N,N,N,N,N,N,N,N,N,Y,N,N,N,N,N,N,N,N,N,Y,N,N,N,N,N,N,N,Y,N,N,N,N,N,N,N,N,N,N,N,N,N,N,N,N,N,N,N,N,N,N,28,28,Y,N, , ,M,B,03171983,27,5,9,175,BK,BK,M, ,L, , ,RESIDENTIAL,106,WEST 114 STRE,SAINT NICHOLAS AVENUE,LENOX AVENUE, ,MANHATTAN, , ,28,B, ,46,997734,231103,CM,1, 28,0101000020E61000008EF30F0CE27C52C054E600D786664440
555712, 2010,28,6798,11262010,2050,A,I,P,5,MISD,10,P,Y,Y,N, ,N, ,0,0,Y, ,Y,N,N,N,N,N,N,N,N,N,Y,N,N,N,N,N,N,N,N,N,Y,N,N,N,N,N,N,N,N,Y,N,N,N,N,N,N,N,N,N,N,N,N,N,N,N,N,N,N,N,N,N,28,28,Y,N, , ,M,B,04251982,28,6,1,210,BK,BR,T, ,L, , ,RESIDENTIAL,106,WEST 114 STRE,SAINT NICHOLAS AVENUE,LENOX AVENUE, ,MANHATTAN, , ,28,B, ,46,997734,231103,CM,1, 28,0101000020E61000008EF30F0CE27C52C054E600D786664440
555713, 2010,48,3319,11262010,2050,A,O,P,1,CPCS,5,P,Y,N,N, ,Y,UPM,0,0,Y, ,Y,Y,Y,N,N,N,N,N,N,N,Y,N,N,N,N,N,N,N,N,N,N,N,N,N,N,N,N,N,N,N,N,N,Y,N,N,N,N,N,N,N,N,N,N,N,N,N,Y,Y,N,N,N,48,48,Y,N, , ,M,B,05301987,23,5,9,170,BR,BR,M, ,L, , , , , ,BATHGATE AVENUE,EAST 183 STREET, ,BRONX, , ,48,B,3, ,1014182,250654,CM,1, 24,0101000020E61000002C065343137952C03DD76CE8636D4440
555714, 2010,90,9643,11262010,2050,A,O,P,2,ROBBERY,5,P,Y,Y,N, ,N, ,0,0,Y, ,N,N,N,N,N,N,N,N,N,N,N,N,N,N,N,N,N,N,N,N,N,N,N,N,N,N,N,Y,Y,Y,N,N,N,N,N,N,N,N,N,N,N,N,Y,N,N,N,N,N,N,N,N,90,90,N,N, , ,M,B,07141961,49,5,10,180,BK,BR,M, ,L, , ,STREET, , ,LEONARD STREET,MOORE STREET, ,BROOKLYN, , ,90,F, , ,999248,195557,CM,1, 85,0101000020E610000041B13FC0897C52C0CAC52DC2095A4440
555715, 2010,52,8970,11262010,2050,A,O,P,2,CPW,5,P,Y,N,Y,CPW,N, ,0,0,Y, ,Y,N,N,N,N,N,N,Y,N,N,N,N,N,N,N,N,N,N,N,N,N,N,N,N,N,N,N,N,N,N,N,N,N,N,N,N,N,N,N,N,Y,N,Y,Y,N,N,N,N,N,N,N,163,163,Y,Y, , ,M,B,08221974,36,5,4,135,BK,BR,T, ,L, , ,PARK, , ,CRESTON AVENUE,EAST 192 STREET, ,BRONX, , ,52,D, , ,1012786,254319,CM,1, 20,0101000020E6100000C2929FAF657952C0D148DDAEAD6E4440
555716, 2010,44,11468,11262010,2050,A,O,P,10,ROBBERY,2,V,Y,N,N, ,N, ,0,0,N, ,Y,N,N,N,N,N,N,N,N,N,N,N,N,N,N,N,N,N,N,N,Y,Y,N,N,N,Y,N,N,Y,N,N,Y,N,N,N,Y,N,N,N,N,Y,N,Y,N,N,N,N,N,N,N,N,44,44,Y,Y, ,S,M,B,12311900,27,5,10,140,BR,BR,M, ,L, , ,SIDEWALK, , ,EAST 167 STREET,SHERMAN AVENUE, ,BRONX, , ,44,I, , ,1007534,243078,CM,1, 85,0101000020E61000005ACAB76C9D7A52C06FC7B430BB6A4440
555717, 2010,81,11495,11262010,2050,1,O,P,5,FEL,5,R,Y,N,N, ,N, ,0,0,N, ,Y,Y,N,N,N,N,N,N,N,N,Y,N,N,N,N,N,Y,N,N,N,Y,Y,Y,N,Y,N,N,N,N,N,N,N,Y,Y,Y,N,Y,N,N,N,N,N,Y,N,N,N,N,Y,N,N,N,547,547,Y,N,V,S,M,B,12311900,43,6,0,180,BK,BR,M, ,L, , ,STREET,726,MADISON STREE,PATCHEN AVENUE,REID AVENUE, ,BROOKLYN, , ,81,E,7, ,1003994,189656,CM,1, 28,0101000020E610000090DC7F96717B52C025B0D3B6F6574440
555718, 2010,47,9484,11262010,2050,A,O,P,2,FEL,5,P,Y,N,N, ,N, ,0,0,N, ,Y,N,N,N,N,N,N,N,N,N,N,N,N,N,N,N,N,N,N,N,N,N,N,N,N,N,N,N,N,N,N,N,N,N,N,Y,N,N,N,N,N,N,Y,Y,N,N,N,N,N,N,N,47,47,Y,N,V,S,M,B,12311900,25,6,0,200,BK,BR,M, ,L, , , , , ,BARNES AVENUE,EAST 225 STREET, ,BRONX, , ,47,E, , ,1023626,262429,CM,1, 20,0101000020E6100000C92C01CEE27652C02DFC9FB685714440
